Workbook

Sheet Letter Size
A1: Company Directory | I1: Update Date: Apr 28, 2026
A2: Ext | B2: Name / Office | C2: title / Address | D2: Personal Tel | E2: Direct Tel | F2: Email | H2: Meeting Room | I2: Ext
A3: =IF(LEN(ContactData!H2)<3,"",ContactData!H2) | B3: =ContactData!E2 -> LRI Head Office | C3: =ContactData!G2 -> 8 Steelcase Road West, Markham, ON, L3R 1B2 | D3: =IF(LEN(ContactData!I2)<3,"",ContactData!I2) | E3: =ContactData!J2 -> T: (905) 474-0590 | F3: =IF(LEN(ContactData!K2)<3,"",ContactData!K2) | H3: =ContactData!E80 -> Lunch Room | I3: =ContactData!H80 -> 541
A4: =IF(LEN(ContactData!H3)<3,"",ContactData!H3) -> 500 | B4: =ContactData!E3 -> Stephen Wong | C4: =ContactData!G3 -> Chairman | D4: =IF(LEN(ContactData!I3)<3,"",ContactData!I3) -> --- | E4: =ContactData!J3 -> (905) 752-3500 | F4: =IF(LEN(ContactData!K3)<3,"",ContactData!K3) -> stephenwong@livinggroupinc.com | H4: =ContactData!E81 -> Markham Room | I4: =ContactData!H81 -> 250
A5: =IF(LEN(ContactData!H4)<3,"",ContactData!H4) -> 511 | B5: =ContactData!E4 -> William Lau | C5: =ContactData!G4 -> President | D5: =IF(LEN(ContactData!I4)<3,"",ContactData!I4) -> (647) 918-9886 | E5: =ContactData!J4 -> (905) 752-3511 | F5: =IF(LEN(ContactData!K4)<3,"",ContactData!K4) -> williamlau@livinggroupinc.com | H5: =ContactData!E82 -> Mississauga Room | I5: =ContactData!H82 -> 226
A6: =IF(LEN(ContactData!H5)<3,"",ContactData!H5) -> 228 | B6: =ContactData!E5 -> Kelvin Wong | C6: =ContactData!G5 -> Broker of Record, Operating Principal | D6: =IF(LEN(ContactData!I5)<3,"",ContactData!I5) -> (416) 567-7882 | E6: =ContactData!J5 -> --- | F6: =IF(LEN(ContactData!K5)<3,"",ContactData!K5) -> kelvin@livingrealtykw.com | H6: =ContactData!E83 -> The Living Room | I6: =ContactData!H83 -> 288
A7: =IF(LEN(ContactData!H6)<3,"",ContactData!H6) -> 521 | B7: =ContactData!E6 -> Ben Wong | C7: =ContactData!G6 -> President & C.L.O. | D7: =IF(LEN(ContactData!I6)<3,"",ContactData!I6) -> (416) 399-2311 | E7: =ContactData!J6 -> (905) 752-3521 | F7: =IF(LEN(ContactData!K6)<3,"",ContactData!K6) -> benwong@livingrealtykw.com | H7: =ContactData!E84 -> Toronto Room | I7: =ContactData!H84 -> 208
A8: =IF(LEN(ContactData!H7)<3,"",ContactData!H7) -> 165 | B8: =ContactData!E7 -> David Wong | C8: =ContactData!G7 -> Vice President | D8: =IF(LEN(ContactData!I7)<3,"",ContactData!I7) -> (416) 230-8866 | E8: =ContactData!J7 -> (905) 752-3176 | F8: =IF(LEN(ContactData!K7)<3,"",ContactData!K7) -> davidwong@livingrealtykw.com | H8: =ContactData!E85 -> York Room | I8: =ContactData!H85 -> 524
A9: =IF(LEN(ContactData!H8)<3,"",ContactData!H8) -> 502 | B9: =ContactData!E8 -> Peter Woo | C9: =ContactData!G8 -> Broker of Record, Living Realty | D9: =IF(LEN(ContactData!I8)<3,"",ContactData!I8) -> (416) 569-6569 | E9: =ContactData!J8 -> (905) 752-3502 | F9: =IF(LEN(ContactData!K8)<3,"",ContactData!K8) -> pwoo@livinggroupinc.com
A10: =IF(LEN(ContactData!H9)<3,"",ContactData!H9) -> --- | B10: =ContactData!E9 -> Alan Cheung | C10: =ContactData!G9 -> Vice Presidnet, New Homes, Broker | D10: =IF(LEN(ContactData!I9)<3,"",ContactData!I9) -> (416) 669-0325 | E10: =ContactData!J9 -> --- | F10: =IF(LEN(ContactData!K9)<3,"",ContactData!K9) -> alancheung@livingrealtykw.com
A11: =IF(LEN(ContactData!H10)<3,"",ContactData!H10) -> --- | B11: =ContactData!E10 -> Andrew Chiang | C11: =ContactData!G10 -> Education and Training Co-ordinator | D11: =IF(LEN(ContactData!I10)<3,"",ContactData!I10) -> (647) 704-2388 | E11: =ContactData!J10 -> --- | F11: =IF(LEN(ContactData!K10)<3,"",ContactData!K10) -> andrewchiang@livingrealtykw.com
A12: =IF(LEN(ContactData!H11)<3,"",ContactData!H11) -> 509 | B12: =ContactData!E11 -> Rocky Chow | C12: =ContactData!G11 -> Executive Assistant to Chairman | D12: =IF(LEN(ContactData!I11)<3,"",ContactData!I11) -> (647) 818-1818 | E12: =ContactData!J11 -> --- | F12: =IF(LEN(ContactData!K11)<3,"",ContactData!K11) -> rockychow@livinggroupinc.com
A13: =IF(LEN(ContactData!H12)<3,"",ContactData!H12) -> 504 | B13: =ContactData!E12 -> Eddie Tang | C13: =ContactData!G12 -> Market Center Administrator, Executive Group Controller | D13: =IF(LEN(ContactData!I12)<3,"",ContactData!I12) -> (416) 723-8329 | E13: =ContactData!J12 -> (905) 752-3504 | F13: =IF(LEN(ContactData!K12)<3,"",ContactData!K12) -> eddietang@livingrealtykw.com
A14: =IF(LEN(ContactData!H13)<3,"",ContactData!H13) -> 514 | B14: =ContactData!E13 -> Winnie Tsui | C14: =ContactData!G13 -> Senior Manager, Accounting & Operations | D14: =IF(LEN(ContactData!I13)<3,"",ContactData!I13) -> (647) 286-0145 | E14: =ContactData!J13 -> (905) 752-3514 | F14: =IF(LEN(ContactData!K13)<3,"",ContactData!K13) -> winniet@livingproperties.com
A15: =IF(LEN(ContactData!H14)<3,"",ContactData!H14) -> 224 | B15: =ContactData!E14 -> Dan Flomen | C15: =ContactData!G14 -> Team Leader | D15: =IF(LEN(ContactData!I14)<3,"",ContactData!I14) -> --- | E15: =ContactData!J14 -> (905) 489-8989 | F15: =IF(LEN(ContactData!K14)<3,"",ContactData!K14) -> dan@livingrealtykw.com
A16: =IF(LEN(ContactData!H15)<3,"",ContactData!H15) -> 282 | B16: =ContactData!E15 -> Joanna Xie | C16: =ContactData!G15 -> Agent Services Coordinator | D16: =IF(LEN(ContactData!I15)<3,"",ContactData!I15) -> --- | E16: =ContactData!J15 -> --- | F16: =IF(LEN(ContactData!K15)<3,"",ContactData!K15) -> joannaxie@livingrealtykw.com
A17: =IF(LEN(ContactData!H16)<3,"",ContactData!H16) -> 123 | B17: =ContactData!E16 -> Wendy Chung | C17: =ContactData!G16 -> Administration Officer | D17: =IF(LEN(ContactData!I16)<3,"",ContactData!I16) -> --- | E17: =ContactData!J16 -> --- | F17: =IF(LEN(ContactData!K16)<3,"",ContactData!K16) -> wendychung@livingrealtykw.com
A18: =IF(LEN(ContactData!H17)<3,"",ContactData!H17) -> 206 | B18: =ContactData!E17 -> Benjamin Wong | C18: =ContactData!G17 -> Assistant to the Broker of Record | D18: =IF(LEN(ContactData!I17)<3,"",ContactData!I17) -> --- | E18: =ContactData!J17 -> --- | F18: =IF(LEN(ContactData!K17)<3,"",ContactData!K17) -> benjaminwongici@livingrealtykw.com
A19: =IF(LEN(ContactData!H18)<3,"",ContactData!H18) -> 507 | B19: =ContactData!E18 -> Luvie Chao | C19: =ContactData!G18 -> Senior Deal Administrator | D19: =IF(LEN(ContactData!I18)<3,"",ContactData!I18) -> --- | E19: =ContactData!J18 -> (905) 752-3507 | F19: =IF(LEN(ContactData!K18)<3,"",ContactData!K18) -> luvie@livingrealtykw.com
A20: =IF(LEN(ContactData!H19)<3,"",ContactData!H19) -> 508 | B20: =ContactData!E19 -> Maria Leung | C20: =ContactData!G19 -> Deal Administrator | D20: =IF(LEN(ContactData!I19)<3,"",ContactData!I19) -> --- | E20: =ContactData!J19 -> (905) 752-3508 | F20: =IF(LEN(ContactData!K19)<3,"",ContactData!K19) -> marialeung@livingrealtykw.com
... A80: =IF(LEN(ContactData!H79)<3,"",ContactData!H79) -> 187 | B80: =ContactData!E79 -> Lily Hou | C80: =ContactData!G79 -> Senior Accounting Analyst & Operations Support | D80: =IF(LEN(ContactData!I79)<3,"",ContactData!I79) -> (647) 774-8994 | E80: =ContactData!J79 -> --- | F80: =IF(LEN(ContactData!K79)<3,"",ContactData!K79) -> lily@ihmg.ca

Sheet Legal Size
A1: Company Directory | F1: Update Date: Apr 28, 2026
A2: Ext | B2: Name / Office | C2: title / Address | D2: Personal Tel | E2: Direct Tel | F2: Email
A3: =IF(LEN(ContactData!H2)<3,"",ContactData!H2) | B3: =ContactData!E2 -> LRI Head Office | C3: =ContactData!G2 -> 8 Steelcase Road West, Markham, ON, L3R 1B2 | D3: =IF(LEN(ContactData!I2)<3,"",ContactData!I2) | E3: =ContactData!J2 -> T: (905) 474-0590 | F3: =IF(LEN(ContactData!K2)<3,"",ContactData!K2)
A4: =IF(LEN(ContactData!H3)<3,"",ContactData!H3) -> 500 | B4: =ContactData!E3 -> Stephen Wong | C4: =ContactData!G3 -> Chairman | D4: =IF(LEN(ContactData!I3)<3,"",ContactData!I3) -> --- | E4: =ContactData!J3 -> (905) 752-3500 | F4: =IF(LEN(ContactData!K3)<3,"",ContactData!K3) -> stephenwong@livinggroupinc.com
A5: =IF(LEN(ContactData!H4)<3,"",ContactData!H4) -> 511 | B5: =ContactData!E4 -> William Lau | C5: =ContactData!G4 -> President | D5: =IF(LEN(ContactData!I4)<3,"",ContactData!I4) -> (647) 918-9886 | E5: =ContactData!J4 -> (905) 752-3511 | F5: =IF(LEN(ContactData!K4)<3,"",ContactData!K4) -> williamlau@livinggroupinc.com
A6: =IF(LEN(ContactData!H5)<3,"",ContactData!H5) -> 228 | B6: =ContactData!E5 -> Kelvin Wong | C6: =ContactData!G5 -> Broker of Record, Operating Principal | D6: =IF(LEN(ContactData!I5)<3,"",ContactData!I5) -> (416) 567-7882 | E6: =ContactData!J5 -> --- | F6: =IF(LEN(ContactData!K5)<3,"",ContactData!K5) -> kelvin@livingrealtykw.com
A7: =IF(LEN(ContactData!H6)<3,"",ContactData!H6) -> 521 | B7: =ContactData!E6 -> Ben Wong | C7: =ContactData!G6 -> President & C.L.O. | D7: =IF(LEN(ContactData!I6)<3,"",ContactData!I6) -> (416) 399-2311 | E7: =ContactData!J6 -> (905) 752-3521 | F7: =IF(LEN(ContactData!K6)<3,"",ContactData!K6) -> benwong@livingrealtykw.com
A8: =IF(LEN(ContactData!H7)<3,"",ContactData!H7) -> 165 | B8: =ContactData!E7 -> David Wong | C8: =ContactData!G7 -> Vice President | D8: =IF(LEN(ContactData!I7)<3,"",ContactData!I7) -> (416) 230-8866 | E8: =ContactData!J7 -> (905) 752-3176 | F8: =IF(LEN(ContactData!K7)<3,"",ContactData!K7) -> davidwong@livingrealtykw.com
A9: =IF(LEN(ContactData!H8)<3,"",ContactData!H8) -> 502 | B9: =ContactData!E8 -> Peter Woo | C9: =ContactData!G8 -> Broker of Record, Living Realty | D9: =IF(LEN(ContactData!I8)<3,"",ContactData!I8) -> (416) 569-6569 | E9: =ContactData!J8 -> (905) 752-3502 | F9: =IF(LEN(ContactData!K8)<3,"",ContactData!K8) -> pwoo@livinggroupinc.com
A10: =IF(LEN(ContactData!H9)<3,"",ContactData!H9) -> --- | B10: =ContactData!E9 -> Alan Cheung | C10: =ContactData!G9 -> Vice Presidnet, New Homes, Broker | D10: =IF(LEN(ContactData!I9)<3,"",ContactData!I9) -> (416) 669-0325 | E10: =ContactData!J9 -> --- | F10: =IF(LEN(ContactData!K9)<3,"",ContactData!K9) -> alancheung@livingrealtykw.com
A11: =IF(LEN(ContactData!H10)<3,"",ContactData!H10) -> --- | B11: =ContactData!E10 -> Andrew Chiang | C11: =ContactData!G10 -> Education and Training Co-ordinator | D11: =IF(LEN(ContactData!I10)<3,"",ContactData!I10) -> (647) 704-2388 | E11: =ContactData!J10 -> --- | F11: =IF(LEN(ContactData!K10)<3,"",ContactData!K10) -> andrewchiang@livingrealtykw.com
A12: =IF(LEN(ContactData!H11)<3,"",ContactData!H11) -> 509 | B12: =ContactData!E11 -> Rocky Chow | C12: =ContactData!G11 -> Executive Assistant to Chairman | D12: =IF(LEN(ContactData!I11)<3,"",ContactData!I11) -> (647) 818-1818 | E12: =ContactData!J11 -> --- | F12: =IF(LEN(ContactData!K11)<3,"",ContactData!K11) -> rockychow@livinggroupinc.com
A13: =IF(LEN(ContactData!H12)<3,"",ContactData!H12) -> 504 | B13: =ContactData!E12 -> Eddie Tang | C13: =ContactData!G12 -> Market Center Administrator, Executive Group Controller | D13: =IF(LEN(ContactData!I12)<3,"",ContactData!I12) -> (416) 723-8329 | E13: =ContactData!J12 -> (905) 752-3504 | F13: =IF(LEN(ContactData!K12)<3,"",ContactData!K12) -> eddietang@livingrealtykw.com
A14: =IF(LEN(ContactData!H13)<3,"",ContactData!H13) -> 514 | B14: =ContactData!E13 -> Winnie Tsui | C14: =ContactData!G13 -> Senior Manager, Accounting & Operations | D14: =IF(LEN(ContactData!I13)<3,"",ContactData!I13) -> (647) 286-0145 | E14: =ContactData!J13 -> (905) 752-3514 | F14: =IF(LEN(ContactData!K13)<3,"",ContactData!K13) -> winniet@livingproperties.com
... A80: =IF(LEN(ContactData!H79)<3,"",ContactData!H79) -> 187 | B80: =ContactData!E79 -> Lily Hou | C80: =ContactData!G79 -> Senior Accounting Analyst & Operations Support | D80: =IF(LEN(ContactData!I79)<3,"",ContactData!I79) -> (647) 774-8994 | E80: =ContactData!J79 -> --- | F80: =IF(LEN(ContactData!K79)<3,"",ContactData!K79) -> lily@ihmg.ca

Sheet ContactData
A1: DisplayOrder | B1: OfficeCode | C1: OfficeName | D1: Office_id | E1: DisplayName | F1: AgentList | G1: Title | H1: Ext | I1: PersonalTel | J1: DirectTel | K1: Email | L1: ContactType | M1: SQL Statement
A2: 1 | B2: RHO | C2: LRI HO | D2: 1 | E2: LRI Head Office | G2: 8 Steelcase Road West, Markham, ON, L3R 1B2 | H2: -- | I2: -- | J2: T: (905) 474-0590 | K2: -- | L2: Office Header | M2: ="INSERT INTO `directory` (`order`, `office`, `displayname`, `title`, `ext`, `personalTel`, `directTel`, `email`, `contacttype`) VALUES ('" & A2 & "','" & D2 & "','" & E2 & "','" & G2 & "','" & H2 & "','" & I2 & "','" & J2 & "','" & K2 & "','" & L2 & "');" -> INSERT INTO `directory` (`order`, `office`, `displayname`, `title`, `ext`, `personalTel`, `directTel`, `email`, `contacttype`) VALUES ('1','1','LRI Head Office','8 Steelcase Road West, Markham, ON, L3R 1B2','--','--','T: (905) 474-0590','--','Office Header');
A3: 2 | B3: RHO | C3: LRI HO | D3: 1 | E3: Stephen Wong | F3: Y | G3: Chairman | H3: 500 | I3: --- | J3: (905) 752-3500 | K3: stephenwong@livinggroupinc.com | L3: Staff | M3: ="INSERT INTO `directory` (`order`, `office`, `displayname`, `title`, `ext`, `personalTel`, `directTel`, `email`, `contacttype`) VALUES ('" & A3 & "','" & D3 & "','" & E3 & "','" & G3 & "','" & H3 & "','" & I3 & "','" & J3 & "','" & K3 & "','" & L3 & "');" -> INSERT INTO `directory` (`order`, `office`, `displayname`, `title`, `ext`, `personalTel`, `directTel`, `email`, `contacttype`) VALUES ('2','1','Stephen Wong','Chairman','500','---','(905) 752-3500','stephenwong@livinggroupinc.com','Staff');
A4: 3 | B4: RHO | C4: LRI HO | D4: 1 | E4: William Lau | F4: Y | G4: President | H4: 511 | I4: (647) 918-9886 | J4: (905) 752-3511 | K4: williamlau@livinggroupinc.com | L4: Staff | M4: ="INSERT INTO `directory` (`order`, `office`, `displayname`, `title`, `ext`, `personalTel`, `directTel`, `email`, `contacttype`) VALUES ('" & A4 & "','" & D4 & "','" & E4 & "','" & G4 & "','" & H4 & "','" & I4 & "','" & J4 & "','" & K4 & "','" & L4 & "');" -> INSERT INTO `directory` (`order`, `office`, `displayname`, `title`, `ext`, `personalTel`, `directTel`, `email`, `contacttype`) VALUES ('3','1','William Lau','President','511','(647) 918-9886','(905) 752-3511','williamlau@livinggroupinc.com','Staff');
A5: 4 | B5: RHO | C5: LRI HO | D5: 1 | E5: Kelvin Wong | F5: Y | G5: Broker of Record, Operating Principal | H5: 228 | I5: (416) 567-7882 | J5: --- | K5: kelvin@livingrealtykw.com | L5: Staff | M5: ="INSERT INTO `directory` (`order`, `office`, `displayname`, `title`, `ext`, `personalTel`, `directTel`, `email`, `contacttype`) VALUES ('" & A5 & "','" & D5 & "','" & E5 & "','" & G5 & "','" & H5 & "','" & I5 & "','" & J5 & "','" & K5 & "','" & L5 & "');" -> INSERT INTO `directory` (`order`, `office`, `displayname`, `title`, `ext`, `personalTel`, `directTel`, `email`, `contacttype`) VALUES ('4','1','Kelvin Wong','Broker of Record, Operating Principal','228','(416) 567-7882','---','kelvin@livingrealtykw.com','Staff');
A6: 5 | B6: RHO | C6: LRI HO | D6: 1 | E6: Ben Wong | F6: Y | G6: President & C.L.O. | H6: 521 | I6: (416) 399-2311 | J6: (905) 752-3521 | K6: benwong@livingrealtykw.com | L6: Staff | M6: ="INSERT INTO `directory` (`order`, `office`, `displayname`, `title`, `ext`, `personalTel`, `directTel`, `email`, `contacttype`) VALUES ('" & A6 & "','" & D6 & "','" & E6 & "','" & G6 & "','" & H6 & "','" & I6 & "','" & J6 & "','" & K6 & "','" & L6 & "');" -> INSERT INTO `directory` (`order`, `office`, `displayname`, `title`, `ext`, `personalTel`, `directTel`, `email`, `contacttype`) VALUES ('5','1','Ben Wong','President & C.L.O.','521','(416) 399-2311','(905) 752-3521','benwong@livingrealtykw.com','Staff');
A7: 6 | B7: RHO | C7: LRI HO | D7: 1 | E7: David Wong | F7: Y | G7: Vice President | H7: 165 | I7: (416) 230-8866 | J7: (905) 752-3176 | K7: davidwong@livingrealtykw.com | L7: Staff | M7: ="INSERT INTO `directory` (`order`, `office`, `displayname`, `title`, `ext`, `personalTel`, `directTel`, `email`, `contacttype`) VALUES ('" & A7 & "','" & D7 & "','" & E7 & "','" & G7 & "','" & H7 & "','" & I7 & "','" & J7 & "','" & K7 & "','" & L7 & "');" -> INSERT INTO `directory` (`order`, `office`, `displayname`, `title`, `ext`, `personalTel`, `directTel`, `email`, `contacttype`) VALUES ('6','1','David Wong','Vice President','165','(416) 230-8866','(905) 752-3176','davidwong@livingrealtykw.com','Staff');
A8: 7 | B8: RHO | C8: LRI HO | D8: 1 | E8: Peter Woo | F8: Y | G8: Broker of Record, Living Realty | H8: 502 | I8: (416) 569-6569 | J8: (905) 752-3502 | K8: pwoo@livinggroupinc.com | L8: Staff | M8: ="INSERT INTO `directory` (`order`, `office`, `displayname`, `title`, `ext`, `personalTel`, `directTel`, `email`, `contacttype`) VALUES ('" & A8 & "','" & D8 & "','" & E8 & "','" & G8 & "','" & H8 & "','" & I8 & "','" & J8 & "','" & K8 & "','" & L8 & "');" -> INSERT INTO `directory` (`order`, `office`, `displayname`, `title`, `ext`, `personalTel`, `directTel`, `email`, `contacttype`) VALUES ('7','1','Peter Woo','Broker of Record, Living Realty','502','(416) 569-6569','(905) 752-3502','pwoo@livinggroupinc.com','Staff');
A9: 8 | B9: RHO | C9: LRI HO | D9: 1 | E9: Alan Cheung | F9: Y | G9: Vice Presidnet, New Homes, Broker | H9: --- | I9: (416) 669-0325 | J9: --- | K9: alancheung@livingrealtykw.com | L9: Staff | M9: ="INSERT INTO `directory` (`order`, `office`, `displayname`, `title`, `ext`, `personalTel`, `directTel`, `email`, `contacttype`) VALUES ('" & A9 & "','" & D9 & "','" & E9 & "','" & G9 & "','" & H9 & "','" & I9 & "','" & J9 & "','" & K9 & "','" & L9 & "');" -> INSERT INTO `directory` (`order`, `office`, `displayname`, `title`, `ext`, `personalTel`, `directTel`, `email`, `contacttype`) VALUES ('8','1','Alan Cheung','Vice Presidnet, New Homes, Broker','---','(416) 669-0325','---','alancheung@livingrealtykw.com','Staff');
A10: 9 | B10: RHO | C10: LRI HO | D10: 1 | E10: Andrew Chiang | F10: Y | G10: Education and Training Co-ordinator | H10: --- | I10: (647) 704-2388 | J10: --- | K10: andrewchiang@livingrealtykw.com | L10: Staff | M10: ="INSERT INTO `directory` (`order`, `office`, `displayname`, `title`, `ext`, `personalTel`, `directTel`, `email`, `contacttype`) VALUES ('" & A10 & "','" & D10 & "','" & E10 & "','" & G10 & "','" & H10 & "','" & I10 & "','" & J10 & "','" & K10 & "','" & L10 & "');" -> INSERT INTO `directory` (`order`, `office`, `displayname`, `title`, `ext`, `personalTel`, `directTel`, `email`, `contacttype`) VALUES ('9','1','Andrew Chiang','Education and Training Co-ordinator','---','(647) 704-2388','---','andrewchiang@livingrealtykw.com','Staff');
A11: 10 | B11: RHO | C11: LRI HO | D11: 1 | E11: Rocky Chow | F11: Y | G11: Executive Assistant to Chairman | H11: 509 | I11: (647) 818-1818 | J11: --- | K11: rockychow@livinggroupinc.com | L11: Staff | M11: ="INSERT INTO `directory` (`order`, `office`, `displayname`, `title`, `ext`, `personalTel`, `directTel`, `email`, `contacttype`) VALUES ('" & A11 & "','" & D11 & "','" & E11 & "','" & G11 & "','" & H11 & "','" & I11 & "','" & J11 & "','" & K11 & "','" & L11 & "');" -> INSERT INTO `directory` (`order`, `office`, `displayname`, `title`, `ext`, `personalTel`, `directTel`, `email`, `contacttype`) VALUES ('10','1','Rocky Chow','Executive Assistant to Chairman','509','(647) 818-1818','---','rockychow@livinggroupinc.com','Staff');
A12: 11 | B12: RHO | C12: LRI HO | D12: 1 | E12: Eddie Tang | G12: Market Center Administrator, Executive Group Controller | H12: 504 | I12: (416) 723-8329 | J12: (905) 752-3504 | K12: eddietang@livingrealtykw.com | L12: Staff | M12: ="INSERT INTO `directory` (`order`, `office`, `displayname`, `title`, `ext`, `personalTel`, `directTel`, `email`, `contacttype`) VALUES ('" & A12 & "','" & D12 & "','" & E12 & "','" & G12 & "','" & H12 & "','" & I12 & "','" & J12 & "','" & K12 & "','" & L12 & "');" -> INSERT INTO `directory` (`order`, `office`, `displayname`, `title`, `ext`, `personalTel`, `directTel`, `email`, `contacttype`) VALUES ('11','1','Eddie Tang','Market Center Administrator, Executive Group Controller','504','(416) 723-8329','(905) 752-3504','eddietang@livingrealtykw.com','Staff');
A13: 12 | B13: RHO | C13: LRI HO | D13: 1 | E13: Winnie Tsui | F13: Y | G13: Senior Manager, Accounting & Operations | H13: 514 | I13: (647) 286-0145 | J13: (905) 752-3514 | K13: winniet@livingproperties.com | L13: Staff | M13: ="INSERT INTO `directory` (`order`, `office`, `displayname`, `title`, `ext`, `personalTel`, `directTel`, `email`, `contacttype`) VALUES ('" & A13 & "','" & D13 & "','" & E13 & "','" & G13 & "','" & H13 & "','" & I13 & "','" & J13 & "','" & K13 & "','" & L13 & "');" -> INSERT INTO `directory` (`order`, `office`, `displayname`, `title`, `ext`, `personalTel`, `directTel`, `email`, `contacttype`) VALUES ('12','1','Winnie Tsui','Senior Manager, Accounting & Operations','514','(647) 286-0145','(905) 752-3514','winniet@livingproperties.com','Staff');
A14: 13 | B14: RHO | C14: LRI HO | D14: 1 | E14: Dan Flomen | F14: Y | G14: Team Leader | H14: 224 | I14: --- | J14: (905) 489-8989 | K14: dan@livingrealtykw.com | L14: Staff | M14: ="INSERT INTO `directory` (`order`, `office`, `displayname`, `title`, `ext`, `personalTel`, `directTel`, `email`, `contacttype`) VALUES ('" & A14 & "','" & D14 & "','" & E14 & "','" & G14 & "','" & H14 & "','" & I14 & "','" & J14 & "','" & K14 & "','" & L14 & "');" -> INSERT INTO `directory` (`order`, `office`, `displayname`, `title`, `ext`, `personalTel`, `directTel`, `email`, `contacttype`) VALUES ('13','1','Dan Flomen','Team Leader','224','---','(905) 489-8989','dan@livingrealtykw.com','Staff');
A15: 14 | B15: RHO | C15: LRI HO | D15: 1 | E15: Joanna Xie | F15: Y | G15: Agent Services Coordinator | H15: 282 | I15: --- | J15: --- | K15: joannaxie@livingrealtykw.com | L15: Staff | M15: ="INSERT INTO `directory` (`order`, `office`, `displayname`, `title`, `ext`, `personalTel`, `directTel`, `email`, `contacttype`) VALUES ('" & A15 & "','" & D15 & "','" & E15 & "','" & G15 & "','" & H15 & "','" & I15 & "','" & J15 & "','" & K15 & "','" & L15 & "');" -> INSERT INTO `directory` (`order`, `office`, `displayname`, `title`, `ext`, `personalTel`, `directTel`, `email`, `contacttype`) VALUES ('14','1','Joanna Xie','Agent Services Coordinator','282','---','---','joannaxie@livingrealtykw.com','Staff');
A16: 15 | B16: RHO | C16: LRI HO | D16: 1 | E16: Wendy Chung | F16: Y | G16: Administration Officer | H16: 123 | I16: --- | J16: --- | K16: wendychung@livingrealtykw.com | L16: Staff | M16: ="INSERT INTO `directory` (`order`, `office`, `displayname`, `title`, `ext`, `personalTel`, `directTel`, `email`, `contacttype`) VALUES ('" & A16 & "','" & D16 & "','" & E16 & "','" & G16 & "','" & H16 & "','" & I16 & "','" & J16 & "','" & K16 & "','" & L16 & "');" -> INSERT INTO `directory` (`order`, `office`, `displayname`, `title`, `ext`, `personalTel`, `directTel`, `email`, `contacttype`) VALUES ('15','1','Wendy Chung','Administration Officer ','123','---','---','wendychung@livingrealtykw.com','Staff');
A17: 16 | B17: RHO | C17: LRI HO | D17: 1 | E17: Benjamin Wong | F17: Y | G17: Assistant to the Broker of Record | H17: 206 | I17: --- | J17: --- | K17: benjaminwongici@livingrealtykw.com | L17: Staff | M17: ="INSERT INTO `directory` (`order`, `office`, `displayname`, `title`, `ext`, `personalTel`, `directTel`, `email`, `contacttype`) VALUES ('" & A17 & "','" & D17 & "','" & E17 & "','" & G17 & "','" & H17 & "','" & I17 & "','" & J17 & "','" & K17 & "','" & L17 & "');" -> INSERT INTO `directory` (`order`, `office`, `displayname`, `title`, `ext`, `personalTel`, `directTel`, `email`, `contacttype`) VALUES ('16','1','Benjamin Wong','Assistant to the Broker of Record','206','---','---','benjaminwongici@livingrealtykw.com','Staff');
A18: 17 | B18: RHO | C18: LRI HO | D18: 1 | E18: Luvie Chao | F18: Y | G18: Senior Deal Administrator | H18: 507 | I18: --- | J18: (905) 752-3507 | K18: luvie@livingrealtykw.com | L18: Staff | M18: ="INSERT INTO `directory` (`order`, `office`, `displayname`, `title`, `ext`, `personalTel`, `directTel`, `email`, `contacttype`) VALUES ('" & A18 & "','" & D18 & "','" & E18 & "','" & G18 & "','" & H18 & "','" & I18 & "','" & J18 & "','" & K18 & "','" & L18 & "');" -> INSERT INTO `directory` (`order`, `office`, `displayname`, `title`, `ext`, `personalTel`, `directTel`, `email`, `contacttype`) VALUES ('17','1','Luvie Chao','Senior Deal Administrator','507','---','(905) 752-3507','luvie@livingrealtykw.com','Staff');
A19: 18 | B19: RHO | C19: LRI HO | D19: 1 | E19: Maria Leung | F19: Y | G19: Deal Administrator | H19: 508 | I19: --- | J19: (905) 752-3508 | K19: marialeung@livingrealtykw.com | L19: Staff | M19: ="INSERT INTO `directory` (`order`, `office`, `displayname`, `title`, `ext`, `personalTel`, `directTel`, `email`, `contacttype`) VALUES ('" & A19 & "','" & D19 & "','" & E19 & "','" & G19 & "','" & H19 & "','" & I19 & "','" & J19 & "','" & K19 & "','" & L19 & "');" -> INSERT INTO `directory` (`order`, `office`, `displayname`, `title`, `ext`, `personalTel`, `directTel`, `email`, `contacttype`) VALUES ('18','1','Maria Leung','Deal Administrator','508','---','(905) 752-3508','marialeung@livingrealtykw.com','Staff');
A20: 19 | B20: RHO | C20: LRI HO | D20: 1 | E20: Ken Cheung | F20: Y | G20: Deal Administrator | H20: 255 | I20: --- | J20: --- | K20: kencheung@livingrealtykw.com | L20: Staff | M20: ="INSERT INTO `directory` (`order`, `office`, `displayname`, `title`, `ext`, `personalTel`, `directTel`, `email`, `contacttype`) VALUES ('" & A20 & "','" & D20 & "','" & E20 & "','" & G20 & "','" & H20 & "','" & I20 & "','" & J20 & "','" & K20 & "','" & L20 & "');" -> INSERT INTO `directory` (`order`, `office`, `displayname`, `title`, `ext`, `personalTel`, `directTel`, `email`, `contacttype`) VALUES ('19','1','Ken Cheung','Deal Administrator','255','---','---','kencheung@livingrealtykw.com','Staff');
A21: 20 | B21: RHO | C21: LRI HO | D21: 1 | E21: Connie Cheung | F21: Y | G21: Accounting Bookkeeper | H21: 506 | I21: --- | J21: (905) 752-3506 | K21: conniecheung@livingrealtykw.com | L21: Staff | M21: ="INSERT INTO `directory` (`order`, `office`, `displayname`, `title`, `ext`, `personalTel`, `directTel`, `email`, `contacttype`) VALUES ('" & A21 & "','" & D21 & "','" & E21 & "','" & G21 & "','" & H21 & "','" & I21 & "','" & J21 & "','" & K21 & "','" & L21 & "');" -> INSERT INTO `directory` (`order`, `office`, `displayname`, `title`, `ext`, `personalTel`, `directTel`, `email`, `contacttype`) VALUES ('20','1','Connie Cheung','Accounting Bookkeeper','506','---','(905) 752-3506','conniecheung@livingrealtykw.com','Staff');
A22: 21 | B22: RHO | C22: LRI HO | D22: 1 | E22: Simon Chan | F22: Y | G22: Operations Assistant | H22: 519 | I22: --- | J22: (905) 752-3519 | K22: simonchan@livingrealtykw.com | L22: Staff | M22: ="INSERT INTO `directory` (`order`, `office`, `displayname`, `title`, `ext`, `personalTel`, `directTel`, `email`, `contacttype`) VALUES ('" & A22 & "','" & D22 & "','" & E22 & "','" & G22 & "','" & H22 & "','" & I22 & "','" & J22 & "','" & K22 & "','" & L22 & "');" -> INSERT INTO `directory` (`order`, `office`, `displayname`, `title`, `ext`, `personalTel`, `directTel`, `email`, `contacttype`) VALUES ('21','1','Simon Chan','Operations Assistant','519','---','(905) 752-3519','simonchan@livingrealtykw.com','Staff');
A23: 22 | B23: RHO | C23: LRI HO | D23: 1 | E23: Kelly Wan | F23: Y | G23: Digital Artist & Content Creator | H23: 121 | I23: --- | J23: --- | K23: kellywan@livingrealtykw.com | L23: Staff | M23: ="INSERT INTO `directory` (`order`, `office`, `displayname`, `title`, `ext`, `personalTel`, `directTel`, `email`, `contacttype`) VALUES ('" & A23 & "','" & D23 & "','" & E23 & "','" & G23 & "','" & H23 & "','" & I23 & "','" & J23 & "','" & K23 & "','" & L23 & "');" -> INSERT INTO `directory` (`order`, `office`, `displayname`, `title`, `ext`, `personalTel`, `directTel`, `email`, `contacttype`) VALUES ('22','1','Kelly Wan','Digital Artist & Content Creator ','121','---','---','kellywan@livingrealtykw.com','Staff');
A24: 23 | B24: RHO | C24: LRI HO | D24: 1 | E24: Nelson Lau | F24: Y | G24: Senior Technical Specialist & System Architech | H24: 522 | I24: (647) 701-8828 | J24: (905) 752-3522 | K24: nelsonlau@livingrealtykw.com | L24: Staff | M24: ="INSERT INTO `directory` (`order`, `office`, `displayname`, `title`, `ext`, `personalTel`, `directTel`, `email`, `contacttype`) VALUES ('" & A24 & "','" & D24 & "','" & E24 & "','" & G24 & "','" & H24 & "','" & I24 & "','" & J24 & "','" & K24 & "','" & L24 & "');" -> INSERT INTO `directory` (`order`, `office`, `displayname`, `title`, `ext`, `personalTel`, `directTel`, `email`, `contacttype`) VALUES ('23','1','Nelson Lau','Senior Technical Specialist & System Architech','522','(647) 701-8828','(905) 752-3522','nelsonlau@livingrealtykw.com','Staff');
A25: 24 | B25: RHO | C25: LRI HO | D25: 1 | E25: IT Support | G25: Information Technology Technical Support | H25: 522 | I25: --- | J25: (905) 752-3522 | K25: itsupport@livingrealtykw.com | L25: Staff | M25: ="INSERT INTO `directory` (`order`, `office`, `displayname`, `title`, `ext`, `personalTel`, `directTel`, `email`, `contacttype`) VALUES ('" & A25 & "','" & D25 & "','" & E25 & "','" & G25 & "','" & H25 & "','" & I25 & "','" & J25 & "','" & K25 & "','" & L25 & "');" -> INSERT INTO `directory` (`order`, `office`, `displayname`, `title`, `ext`, `personalTel`, `directTel`, `email`, `contacttype`) VALUES ('24','1','IT Support','Information Technology Technical Support','522','---','(905) 752-3522','itsupport@livingrealtykw.com','Staff');
A26: 25 | B26: NM | C26: LRI NM | D26: 2 | E26: North Markham Office | F26: Y | G26: 735 Markland St, Unit 12&13, Markham, ON, L6C 0G6 | H26: -- | I26: -- | J26: T: (905) 888-8188 | K26: northmarkham@livingrealtykw.com | L26: Office Header | M26: ="INSERT INTO `directory` (`order`, `office`, `displayname`, `title`, `ext`, `personalTel`, `directTel`, `email`, `contacttype`) VALUES ('" & A26 & "','" & D26 & "','" & E26 & "','" & G26 & "','" & H26 & "','" & I26 & "','" & J26 & "','" & K26 & "','" & L26 & "');" -> INSERT INTO `directory` (`order`, `office`, `displayname`, `title`, `ext`, `personalTel`, `directTel`, `email`, `contacttype`) VALUES ('25','2','North Markham Office','735 Markland St, Unit 12&13, Markham, ON, L6C 0G6','--','--','T: (905) 888-8188','northmarkham@livingrealtykw.com','Office Header');
A27: 26 | B27: NM | C27: LRI NM | D27: 2 | E27: Chris Tam | F27: Y | G27: Manager North Markham Branch | H27: --- | I27: (416) 505-6625 | J27: --- | K27: christam@livingrealtykw.com | L27: Staff | M27: ="INSERT INTO `directory` (`order`, `office`, `displayname`, `title`, `ext`, `personalTel`, `directTel`, `email`, `contacttype`) VALUES ('" & A27 & "','" & D27 & "','" & E27 & "','" & G27 & "','" & H27 & "','" & I27 & "','" & J27 & "','" & K27 & "','" & L27 & "');" -> INSERT INTO `directory` (`order`, `office`, `displayname`, `title`, `ext`, `personalTel`, `directTel`, `email`, `contacttype`) VALUES ('26','2','Chris Tam','Manager North Markham Branch','---','(416) 505-6625','---','christam@livingrealtykw.com','Staff');
A28: 27 | B28: NM | C28: LRI NM | D28: 2 | E28: Grace Chui | F28: Y | G28: Head Secretary | H28: --- | I28: --- | J28: (905) 888-8188 | K28: gracemschui@livingrealtykw.com | L28: Staff | M28: ="INSERT INTO `directory` (`order`, `office`, `displayname`, `title`, `ext`, `personalTel`, `directTel`, `email`, `contacttype`) VALUES ('" & A28 & "','" & D28 & "','" & E28 & "','" & G28 & "','" & H28 & "','" & I28 & "','" & J28 & "','" & K28 & "','" & L28 & "');" -> INSERT INTO `directory` (`order`, `office`, `displayname`, `title`, `ext`, `personalTel`, `directTel`, `email`, `contacttype`) VALUES ('27','2','Grace Chui','Head Secretary','---','---','(905) 888-8188','gracemschui@livingrealtykw.com','Staff');
A29: 28 | B29: NM | C29: LRI NM | D29: 2 | E29: Kiran Li | F29: Y | G29: Secretary | H29: --- | I29: --- | J29: (905) 888-8188 | K29: kiranli@livingrealtykw.com | L29: Staff | M29: ="INSERT INTO `directory` (`order`, `office`, `displayname`, `title`, `ext`, `personalTel`, `directTel`, `email`, `contacttype`) VALUES ('" & A29 & "','" & D29 & "','" & E29 & "','" & G29 & "','" & H29 & "','" & I29 & "','" & J29 & "','" & K29 & "','" & L29 & "');" -> INSERT INTO `directory` (`order`, `office`, `displayname`, `title`, `ext`, `personalTel`, `directTel`, `email`, `contacttype`) VALUES ('28','2','Kiran Li','Secretary','---','---','(905) 888-8188','kiranli@livingrealtykw.com','Staff');
A30: 29 | B30: MS | C30: LRI MS | D30: 4 | E30: Mississauga Office | F30: Y | G30: 1177 Central Parkway West, Golden Square, Unit 32, Mississauga, ON, L5C 4P3 | H30: -- | I30: -- | J30: T: (905) 896-0002 | K30: mississauga@livingrealtykw.com | L30: Office Header | M30: ="INSERT INTO `directory` (`order`, `office`, `displayname`, `title`, `ext`, `personalTel`, `directTel`, `email`, `contacttype`) VALUES ('" & A30 & "','" & D30 & "','" & E30 & "','" & G30 & "','" & H30 & "','" & I30 & "','" & J30 & "','" & K30 & "','" & L30 & "');" -> INSERT INTO `directory` (`order`, `office`, `displayname`, `title`, `ext`, `personalTel`, `directTel`, `email`, `contacttype`) VALUES ('29','4','Mississauga Office','1177 Central Parkway West, Golden Square, Unit 32, Mississauga, ON, L5C 4P3','--','--','T: (905) 896-0002','mississauga@livingrealtykw.com','Office Header');
A31: 30 | B31: MS | C31: LRI MS | D31: 4 | E31: Cassandra Pacitto | F31: Y | G31: Manager Mississauga Branch | H31: --- | I31: (905) 896-0002 | J31: --- | K31: cassandrapacitto@livingrealtykw.com | L31: Staff | M31: ="INSERT INTO `directory` (`order`, `office`, `displayname`, `title`, `ext`, `personalTel`, `directTel`, `email`, `contacttype`) VALUES ('" & A31 & "','" & D31 & "','" & E31 & "','" & G31 & "','" & H31 & "','" & I31 & "','" & J31 & "','" & K31 & "','" & L31 & "');" -> INSERT INTO `directory` (`order`, `office`, `displayname`, `title`, `ext`, `personalTel`, `directTel`, `email`, `contacttype`) VALUES ('30','4','Cassandra Pacitto','Manager Mississauga Branch','---','(905) 896-0002','---','cassandrapacitto@livingrealtykw.com','Staff');
A32: 31 | B32: MS | C32: LRI MS | D32: 4 | E32: Katie Wong | F32: Y | G32: Secretary | H32: --- | I32: --- | J32: (905) 896-0002 | K32: katiewong@livingrealtykw.com | L32: Staff | M32: ="INSERT INTO `directory` (`order`, `office`, `displayname`, `title`, `ext`, `personalTel`, `directTel`, `email`, `contacttype`) VALUES ('" & A32 & "','" & D32 & "','" & E32 & "','" & G32 & "','" & H32 & "','" & I32 & "','" & J32 & "','" & K32 & "','" & L32 & "');" -> INSERT INTO `directory` (`order`, `office`, `displayname`, `title`, `ext`, `personalTel`, `directTel`, `email`, `contacttype`) VALUES ('31','4','Katie Wong','Secretary','---','---','(905) 896-0002','katiewong@livingrealtykw.com','Staff');
A33: 32 | B33: MS | C33: LRI MS | D33: 4 | E33: Juliana Monize | F33: Y | G33: Secretary | H33: --- | I33: --- | J33: (905) 896-0002 | K33: julianamonize@livingrealtykw.com | L33: Staff | M33: ="INSERT INTO `directory` (`order`, `office`, `displayname`, `title`, `ext`, `personalTel`, `directTel`, `email`, `contacttype`) VALUES ('" & A33 & "','" & D33 & "','" & E33 & "','" & G33 & "','" & H33 & "','" & I33 & "','" & J33 & "','" & K33 & "','" & L33 & "');" -> INSERT INTO `directory` (`order`, `office`, `displayname`, `title`, `ext`, `personalTel`, `directTel`, `email`, `contacttype`) VALUES ('32','4','Juliana Monize','Secretary','---','---','(905) 896-0002','julianamonize@livingrealtykw.com','Staff');
A34: 33 | B34: WB | C34: LRI WB | D34: 5 | E34: Woodbine Office | F34: Y | G34: 8 Steelcase Road West, Markham, ON, L3R 1B2 | H34: -- | I34: -- | J34: T: (905) 474-0500 | K34: woodbine@livingrealtykw.com | L34: Office Header | M34: ="INSERT INTO `directory` (`order`, `office`, `displayname`, `title`, `ext`, `personalTel`, `directTel`, `email`, `contacttype`) VALUES ('" & A34 & "','" & D34 & "','" & E34 & "','" & G34 & "','" & H34 & "','" & I34 & "','" & J34 & "','" & K34 & "','" & L34 & "');" -> INSERT INTO `directory` (`order`, `office`, `displayname`, `title`, `ext`, `personalTel`, `directTel`, `email`, `contacttype`) VALUES ('33','5','Woodbine Office','8 Steelcase Road West, Markham, ON, L3R 1B2','--','--','T: (905) 474-0500','woodbine@livingrealtykw.com','Office Header');
A35: 34 | B35: WB | C35: LRI WB | D35: 5 | E35: Anita Huang | F35: Y | G35: Manager Woobine Branch | H35: 176 | I35: (416) 523-1888 | J35: --- | K35: anitahuang@livingrealtykw.com | L35: Staff | M35: ="INSERT INTO `directory` (`order`, `office`, `displayname`, `title`, `ext`, `personalTel`, `directTel`, `email`, `contacttype`) VALUES ('" & A35 & "','" & D35 & "','" & E35 & "','" & G35 & "','" & H35 & "','" & I35 & "','" & J35 & "','" & K35 & "','" & L35 & "');" -> INSERT INTO `directory` (`order`, `office`, `displayname`, `title`, `ext`, `personalTel`, `directTel`, `email`, `contacttype`) VALUES ('34','5','Anita Huang','Manager Woobine Branch','176','(416) 523-1888','---','anitahuang@livingrealtykw.com','Staff');
A36: 35 | B36: WB | C36: LRI WB | D36: 5 | E36: Savanna Joo | F36: Y | G36: Secretary | H36: 100 | I36: --- | J36: (905) 474-0500 | K36: savannajoo@livingrealtykw.com | L36: Staff | M36: ="INSERT INTO `directory` (`order`, `office`, `displayname`, `title`, `ext`, `personalTel`, `directTel`, `email`, `contacttype`) VALUES ('" & A36 & "','" & D36 & "','" & E36 & "','" & G36 & "','" & H36 & "','" & I36 & "','" & J36 & "','" & K36 & "','" & L36 & "');" -> INSERT INTO `directory` (`order`, `office`, `displayname`, `title`, `ext`, `personalTel`, `directTel`, `email`, `contacttype`) VALUES ('35','5','Savanna Joo','Secretary','100','---','(905) 474-0500','savannajoo@livingrealtykw.com','Staff');
A37: 36 | B37: WB | C37: LRI WB | D37: 5 | E37: Riley Lam | F37: Y | G37: Secretary | H37: 104 | I37: --- | J37: (905) 474-0500 | K37: rileylam@livingrealtykw.com | L37: Staff | M37: ="INSERT INTO `directory` (`order`, `office`, `displayname`, `title`, `ext`, `personalTel`, `directTel`, `email`, `contacttype`) VALUES ('" & A37 & "','" & D37 & "','" & E37 & "','" & G37 & "','" & H37 & "','" & I37 & "','" & J37 & "','" & K37 & "','" & L37 & "');" -> INSERT INTO `directory` (`order`, `office`, `displayname`, `title`, `ext`, `personalTel`, `directTel`, `email`, `contacttype`) VALUES ('36','5','Riley Lam','Secretary','104','---','(905) 474-0500','rileylam@livingrealtykw.com','Staff');
A38: 37 | B38: NY | C38: LRI YE | D38: 3 | E38: Yonge & Eglinton Office | F38: Y | G38: 2301 Yonge Street, Toronto, ON, M4P 2C6 | H38: -- | I38: -- | J38: T: (416) 223-8833 | K38: ye@livingrealtykw.com | L38: Office Header | M38: ="INSERT INTO `directory` (`order`, `office`, `displayname`, `title`, `ext`, `personalTel`, `directTel`, `email`, `contacttype`) VALUES ('" & A38 & "','" & D38 & "','" & E38 & "','" & G38 & "','" & H38 & "','" & I38 & "','" & J38 & "','" & K38 & "','" & L38 & "');" -> INSERT INTO `directory` (`order`, `office`, `displayname`, `title`, `ext`, `personalTel`, `directTel`, `email`, `contacttype`) VALUES ('37','3','Yonge & Eglinton Office','2301 Yonge Street, Toronto, ON, M4P 2C6','--','--','T: (416) 223-8833','ye@livingrealtykw.com','Office Header');
A39: 38 | B39: NY | C39: LRI YE | D39: 3 | E39: Tony Prochilo | F39: Y | G39: Manager Yonge & Eglinton | H39: --- | I39: (416) 576-6312 | J39: --- | K39: tonyprochilo@livingrealtykw.com | L39: Staff | M39: ="INSERT INTO `directory` (`order`, `office`, `displayname`, `title`, `ext`, `personalTel`, `directTel`, `email`, `contacttype`) VALUES ('" & A39 & "','" & D39 & "','" & E39 & "','" & G39 & "','" & H39 & "','" & I39 & "','" & J39 & "','" & K39 & "','" & L39 & "');" -> INSERT INTO `directory` (`order`, `office`, `displayname`, `title`, `ext`, `personalTel`, `directTel`, `email`, `contacttype`) VALUES ('38','3','Tony Prochilo ','Manager Yonge & Eglinton','---','(416) 576-6312','---','tonyprochilo@livingrealtykw.com','Staff');
A40: 39 | B40: NY | C40: LRI YE | D40: 3 | E40: Lydia Ng | F40: Y | G40: Secretary | H40: --- | I40: --- | J40: (416) 223-8833 | K40: lydiang@livingrealtykw.com | L40: Staff | M40: ="INSERT INTO `directory` (`order`, `office`, `displayname`, `title`, `ext`, `personalTel`, `directTel`, `email`, `contacttype`) VALUES ('" & A40 & "','" & D40 & "','" & E40 & "','" & G40 & "','" & H40 & "','" & I40 & "','" & J40 & "','" & K40 & "','" & L40 & "');" -> INSERT INTO `directory` (`order`, `office`, `displayname`, `title`, `ext`, `personalTel`, `directTel`, `email`, `contacttype`) VALUES ('39','3','Lydia Ng','Secretary','---','---','(416) 223-8833','lydiang@livingrealtykw.com','Staff');
A41: 40 | B41: ICI | C41: ICI | D41: 7 | E41: I.C.&I. Office | G41: 8 Steelcase Road West, Unit C, Markham, ON, L3R 1B2 | H41: -- | I41: -- | J41: T: (905) 474-1772 | K41: -- | L41: Office Header | M41: ="INSERT INTO `directory` (`order`, `office`, `displayname`, `title`, `ext`, `personalTel`, `directTel`, `email`, `contacttype`) VALUES ('" & A41 & "','" & D41 & "','" & E41 & "','" & G41 & "','" & H41 & "','" & I41 & "','" & J41 & "','" & K41 & "','" & L41 & "');" -> INSERT INTO `directory` (`order`, `office`, `displayname`, `title`, `ext`, `personalTel`, `directTel`, `email`, `contacttype`) VALUES ('40','7','I.C.&I. Office','8 Steelcase Road West, Unit C, Markham, ON, L3R 1B2','--','--','T: (905) 474-1772','--','Office Header');
A42: 41 | B42: ICI | C42: ICI | D42: 7 | E42: Kelvin Wong | F42: Y | G42: Manager I.C.&I. Branch | H42: 228 | I42: (416) 567-7882 | J42: --- | K42: kelvin@livingrealtykw.com | L42: Staff | M42: ="INSERT INTO `directory` (`order`, `office`, `displayname`, `title`, `ext`, `personalTel`, `directTel`, `email`, `contacttype`) VALUES ('" & A42 & "','" & D42 & "','" & E42 & "','" & G42 & "','" & H42 & "','" & I42 & "','" & J42 & "','" & K42 & "','" & L42 & "');" -> INSERT INTO `directory` (`order`, `office`, `displayname`, `title`, `ext`, `personalTel`, `directTel`, `email`, `contacttype`) VALUES ('41','7','Kelvin Wong','Manager I.C.&I. Branch','228','(416) 567-7882','---','kelvin@livingrealtykw.com','Staff');
A43: 42 | B43: PHO | C43: LPI HO | D43: 8 | E43: LPI Head Office | G43: 8 Steelcase Road West, Markham, ON, L3R 1B2 | H43: -- | I43: -- | J43: T: (905) 477-2090 | K43: -- | L43: Office Header | M43: ="INSERT INTO `directory` (`order`, `office`, `displayname`, `title`, `ext`, `personalTel`, `directTel`, `email`, `contacttype`) VALUES ('" & A43 & "','" & D43 & "','" & E43 & "','" & G43 & "','" & H43 & "','" & I43 & "','" & J43 & "','" & K43 & "','" & L43 & "');" -> INSERT INTO `directory` (`order`, `office`, `displayname`, `title`, `ext`, `personalTel`, `directTel`, `email`, `contacttype`) VALUES ('42','8','LPI Head Office','8 Steelcase Road West, Markham, ON, L3R 1B2','--','--','T: (905) 477-2090','--','Office Header');
A44: 43 | B44: PHO | C44: LPI HO | D44: 8 | E44: Ben Wong | G44: President | H44: 521 | I44: (416) 399-2311 | J44: (905) 752-3521 | K44: benw@livingproperties.com | L44: Staff | M44: ="INSERT INTO `directory` (`order`, `office`, `displayname`, `title`, `ext`, `personalTel`, `directTel`, `email`, `contacttype`) VALUES ('" & A44 & "','" & D44 & "','" & E44 & "','" & G44 & "','" & H44 & "','" & I44 & "','" & J44 & "','" & K44 & "','" & L44 & "');" -> INSERT INTO `directory` (`order`, `office`, `displayname`, `title`, `ext`, `personalTel`, `directTel`, `email`, `contacttype`) VALUES ('43','8','Ben Wong','President','521','(416) 399-2311','(905) 752-3521','benw@livingproperties.com','Staff');
A45: 44 | B45: PHO | C45: LPI HO | D45: 8 | E45: Winnie Tsui | G45: Director of Operations | H45: 514 | I45: (647) 286-0145 | J45: (905) 752-3514 | K45: winniet@livingproperties.com | L45: Staff | M45: ="INSERT INTO `directory` (`order`, `office`, `displayname`, `title`, `ext`, `personalTel`, `directTel`, `email`, `contacttype`) VALUES ('" & A45 & "','" & D45 & "','" & E45 & "','" & G45 & "','" & H45 & "','" & I45 & "','" & J45 & "','" & K45 & "','" & L45 & "');" -> INSERT INTO `directory` (`order`, `office`, `displayname`, `title`, `ext`, `personalTel`, `directTel`, `email`, `contacttype`) VALUES ('44','8','Winnie Tsui','Director of Operations','514','(647) 286-0145','(905) 752-3514 ','winniet@livingproperties.com','Staff');
A46: 45 | B46: PHO | C46: LPI HO | D46: 8 | E46: Frederick Tang | G46: Director of Business Development | H46: 286 | I46: (416) 618-5898 | J46: - | K46: fredt@livingproperties.com | L46: Staff | M46: ="INSERT INTO `directory` (`order`, `office`, `displayname`, `title`, `ext`, `personalTel`, `directTel`, `email`, `contacttype`) VALUES ('" & A46 & "','" & D46 & "','" & E46 & "','" & G46 & "','" & H46 & "','" & I46 & "','" & J46 & "','" & K46 & "','" & L46 & "');" -> INSERT INTO `directory` (`order`, `office`, `displayname`, `title`, `ext`, `personalTel`, `directTel`, `email`, `contacttype`) VALUES ('45','8','Frederick Tang','Director of Business Development','286','(416) 618-5898','-','fredt@livingproperties.com','Staff');
A47: 46 | B47: PHO | C47: LPI HO | D47: 8 | E47: Stanley Chow | G47: Property Manager | H47: 512 | I47: (416) 277-6098 | J47: (905) 752-3512 | K47: stanleyc@livingproperties.com | L47: Staff | M47: ="INSERT INTO `directory` (`order`, `office`, `displayname`, `title`, `ext`, `personalTel`, `directTel`, `email`, `contacttype`) VALUES ('" & A47 & "','" & D47 & "','" & E47 & "','" & G47 & "','" & H47 & "','" & I47 & "','" & J47 & "','" & K47 & "','" & L47 & "');" -> INSERT INTO `directory` (`order`, `office`, `displayname`, `title`, `ext`, `personalTel`, `directTel`, `email`, `contacttype`) VALUES ('46','8','Stanley Chow','Property Manager','512','(416) 277-6098','(905) 752-3512','stanleyc@livingproperties.com','Staff');
A48: 47 | B48: PHO | C48: LPI HO | D48: 8 | E48: Richard Baksh | G48: Property Manager | H48: 284 | I48: (647) 967-0088 | J48: (905) 258-0632 | K48: richardb@livingproperties.com | L48: Staff | M48: ="INSERT INTO `directory` (`order`, `office`, `displayname`, `title`, `ext`, `personalTel`, `directTel`, `email`, `contacttype`) VALUES ('" & A48 & "','" & D48 & "','" & E48 & "','" & G48 & "','" & H48 & "','" & I48 & "','" & J48 & "','" & K48 & "','" & L48 & "');" -> INSERT INTO `directory` (`order`, `office`, `displayname`, `title`, `ext`, `personalTel`, `directTel`, `email`, `contacttype`) VALUES ('47','8','Richard Baksh','Property Manager','284','(647) 967-0088','(905) 258-0632','richardb@livingproperties.com','Staff');
A49: 48 | B49: KS | C49: LPI KS | D49: 8 | E49: Ken Kam | G49: Property Manager | H49: 517 | I49: (647) 204-4455 | J49: (905) 477-2090 | K49: kenk@livingproperties.com | L49: Staff | M49: ="INSERT INTO `directory` (`order`, `office`, `displayname`, `title`, `ext`, `personalTel`, `directTel`, `email`, `contacttype`) VALUES ('" & A49 & "','" & D49 & "','" & E49 & "','" & G49 & "','" & H49 & "','" & I49 & "','" & J49 & "','" & K49 & "','" & L49 & "');" -> INSERT INTO `directory` (`order`, `office`, `displayname`, `title`, `ext`, `personalTel`, `directTel`, `email`, `contacttype`) VALUES ('48','8','Ken Kam','Property Manager','517','(647) 204-4455','(905) 477-2090','kenk@livingproperties.com','Staff');
A50: 49 | B50: KS | C50: LPI KS | D50: 8 | E50: Raymond Chin | G50: Property Manager | H50: 520 | I50: (437) 331-6038 | J50: (905) 477-2090 | K50: raymondc@livingproperties.com | L50: Staff | M50: ="INSERT INTO `directory` (`order`, `office`, `displayname`, `title`, `ext`, `personalTel`, `directTel`, `email`, `contacttype`) VALUES ('" & A50 & "','" & D50 & "','" & E50 & "','" & G50 & "','" & H50 & "','" & I50 & "','" & J50 & "','" & K50 & "','" & L50 & "');" -> INSERT INTO `directory` (`order`, `office`, `displayname`, `title`, `ext`, `personalTel`, `directTel`, `email`, `contacttype`) VALUES ('49','8','Raymond Chin','Property Manager','520','(437) 331-6038','(905) 477-2090','raymondc@livingproperties.com','Staff');
A51: 50 | B51: PHO | C51: LPI HO | D51: 8 | E51: Thomas Lee | G51: Property Manager | H51: 168 | I51: (416) 567-4274 | J51: (905) 477-2090 | K51: Thomasl@livingproperties.com | L51: Staff | M51: ="INSERT INTO `directory` (`order`, `office`, `displayname`, `title`, `ext`, `personalTel`, `directTel`, `email`, `contacttype`) VALUES ('" & A51 & "','" & D51 & "','" & E51 & "','" & G51 & "','" & H51 & "','" & I51 & "','" & J51 & "','" & K51 & "','" & L51 & "');" -> INSERT INTO `directory` (`order`, `office`, `displayname`, `title`, `ext`, `personalTel`, `directTel`, `email`, `contacttype`) VALUES ('50','8','Thomas Lee','Property Manager','168','(416) 567-4274','(905) 477-2090','Thomasl@livingproperties.com','Staff');
A52: 51 | B52: PHO | C52: LPI HO | D52: 8 | E52: Stanley Wu | G52: Property Manager | H52: 168 | I52: --- | J52: (905) 477-2090 | K52: stanleyw@livingproperties.com | L52: Staff | M52: ="INSERT INTO `directory` (`order`, `office`, `displayname`, `title`, `ext`, `personalTel`, `directTel`, `email`, `contacttype`) VALUES ('" & A52 & "','" & D52 & "','" & E52 & "','" & G52 & "','" & H52 & "','" & I52 & "','" & J52 & "','" & K52 & "','" & L52 & "');" -> INSERT INTO `directory` (`order`, `office`, `displayname`, `title`, `ext`, `personalTel`, `directTel`, `email`, `contacttype`) VALUES ('51','8','Stanley Wu','Property Manager','168','---','(905) 477-2090','stanleyw@livingproperties.com','Staff');
A53: 52 | B53: PHO | C53: LPI HO | D53: 8 | E53: Loretta Leung | G53: Executive Assistant | H53: 210 | I53: --- | J53: --- | K53: lorettal@livingproperties.com | L53: Staff | M53: ="INSERT INTO `directory` (`order`, `office`, `displayname`, `title`, `ext`, `personalTel`, `directTel`, `email`, `contacttype`) VALUES ('" & A53 & "','" & D53 & "','" & E53 & "','" & G53 & "','" & H53 & "','" & I53 & "','" & J53 & "','" & K53 & "','" & L53 & "');" -> INSERT INTO `directory` (`order`, `office`, `displayname`, `title`, `ext`, `personalTel`, `directTel`, `email`, `contacttype`) VALUES ('52','8','Loretta Leung','Executive Assistant','210','---','---','lorettal@livingproperties.com','Staff');
A54: 53 | B54: PHO | C54: LPI HO | D54: 8 | E54: Simon Li | G54: Senior Accountant | H54: 518 | I54: --- | J54: (905) 752-3518 | K54: simonl@livingproperties.com | L54: Staff | M54: ="INSERT INTO `directory` (`order`, `office`, `displayname`, `title`, `ext`, `personalTel`, `directTel`, `email`, `contacttype`) VALUES ('" & A54 & "','" & D54 & "','" & E54 & "','" & G54 & "','" & H54 & "','" & I54 & "','" & J54 & "','" & K54 & "','" & L54 & "');" -> INSERT INTO `directory` (`order`, `office`, `displayname`, `title`, `ext`, `personalTel`, `directTel`, `email`, `contacttype`) VALUES ('53','8','Simon Li','Senior Accountant','518','---','(905) 752-3518','simonl@livingproperties.com','Staff');
A55: 54 | B55: PHO | C55: LPI HO | D55: 8 | E55: Nicole Leung | G55: Property Accountant | H55: 281 | I55: --- | J55: --- | K55: nicolel@livingproperties.com | L55: Staff | M55: ="INSERT INTO `directory` (`order`, `office`, `displayname`, `title`, `ext`, `personalTel`, `directTel`, `email`, `contacttype`) VALUES ('" & A55 & "','" & D55 & "','" & E55 & "','" & G55 & "','" & H55 & "','" & I55 & "','" & J55 & "','" & K55 & "','" & L55 & "');" -> INSERT INTO `directory` (`order`, `office`, `displayname`, `title`, `ext`, `personalTel`, `directTel`, `email`, `contacttype`) VALUES ('54','8','Nicole Leung','Property Accountant','281','---','---','nicolel@livingproperties.com','Staff');
... A59: 58 | B59: PHO | C59: LPI HO | D59: 8 | E59: Kelvin Chan | G59: Administrative Assistant | H59: 182 | I59: --- | J59: --- | K59: kelvinc@livingproperties.com | L59: Staff | M59: ="INSERT INTO `directory` (`order`, `office`, `displayname`, `title`, `ext`, `personalTel`, `directTel`, `email`, `contacttype`) VALUES ('" & A59 & "','" & D59 & "','" & E59 & "','" & G59 & "','" & H59 & "','" & I59 & "','" & J59 & "','" & K59 & "','" & L59 & "');" -> INSERT INTO `directory` (`order`, `office`, `displayname`, `title`, `ext`, `personalTel`, `directTel`, `email`, `contacttype`) VALUES ('58','8','Kelvin Chan','Administrative Assistant','182','---','---','kelvinc@livingproperties.com','Staff');
A60: 59 | B60: PHO | C60: LPI HO | D60: 8 | E60: Gus B | G60: Handyman | H60: --- | I60: --- | J60: (905) 477-2090 | K60: gusb@livcontrustion.ca | L60: Staff | M60: ="INSERT INTO `directory` (`order`, `office`, `displayname`, `title`, `ext`, `personalTel`, `directTel`, `email`, `contacttype`) VALUES ('" & A60 & "','" & D60 & "','" & E60 & "','" & G60 & "','" & H60 & "','" & I60 & "','" & J60 & "','" & K60 & "','" & L60 & "');" -> INSERT INTO `directory` (`order`, `office`, `displayname`, `title`, `ext`, `personalTel`, `directTel`, `email`, `contacttype`) VALUES ('59','8','Gus B','Handyman','---','---','(905) 477-2090','gusb@livcontrustion.ca','Staff');
A61: 60 | B61: PHO | C61: LPI HO | D61: 8 | E61: Matthew Wong | G61: Accounting Clerk | H61: 229 | I61: --- | J61: --- | K61: mattheww@livingproperties.com | L61: Staff | M61: ="INSERT INTO `directory` (`order`, `office`, `displayname`, `title`, `ext`, `personalTel`, `directTel`, `email`, `contacttype`) VALUES ('" & A61 & "','" & D61 & "','" & E61 & "','" & G61 & "','" & H61 & "','" & I61 & "','" & J61 & "','" & K61 & "','" & L61 & "');" -> INSERT INTO `directory` (`order`, `office`, `displayname`, `title`, `ext`, `personalTel`, `directTel`, `email`, `contacttype`) VALUES ('60','8','Matthew Wong','Accounting Clerk','229','---','---','mattheww@livingproperties.com','Staff');
A62: 61 | B62: CT | C62: LPI CT | D62: 9 | E62: Centro Towers Office | G62: 25 Town Centre Crt, Scarborough, ON, M1P 0B4 | H62: -- | I62: -- | J62: T: (416) 290-1242 | K62: -- | L62: Office Header | M62: ="INSERT INTO `directory` (`order`, `office`, `displayname`, `title`, `ext`, `personalTel`, `directTel`, `email`, `contacttype`) VALUES ('" & A62 & "','" & D62 & "','" & E62 & "','" & G62 & "','" & H62 & "','" & I62 & "','" & J62 & "','" & K62 & "','" & L62 & "');" -> INSERT INTO `directory` (`order`, `office`, `displayname`, `title`, `ext`, `personalTel`, `directTel`, `email`, `contacttype`) VALUES ('61','9','Centro Towers Office','25 Town Centre Crt, Scarborough, ON, M1P 0B4','--','--','T: (416) 290-1242','--','Office Header');
A63: 62 | B63: CT | C63: LPI CT | D63: 9 | E63: Henry Fu | G63: Property Manager | H63: --- | I63: (416) 278-2953 | J63: (416) 290-1242 | K63: henry@centrotowers.com | L63: Staff | M63: ="INSERT INTO `directory` (`order`, `office`, `displayname`, `title`, `ext`, `personalTel`, `directTel`, `email`, `contacttype`) VALUES ('" & A63 & "','" & D63 & "','" & E63 & "','" & G63 & "','" & H63 & "','" & I63 & "','" & J63 & "','" & K63 & "','" & L63 & "');" -> INSERT INTO `directory` (`order`, `office`, `displayname`, `title`, `ext`, `personalTel`, `directTel`, `email`, `contacttype`) VALUES ('62','9','Henry Fu','Property Manager','---','(416) 278-2953','(416) 290-1242','henry@centrotowers.com','Staff');
A64: 63 | B64: CT | C64: LPI CT | D64: 9 | E64: Sophia Yip | G64: Property Administrator | H64: --- | I64: --- | J64: (416) 290-1242 | K64: sophia@centrotowers.com | L64: Staff | M64: ="INSERT INTO `directory` (`order`, `office`, `displayname`, `title`, `ext`, `personalTel`, `directTel`, `email`, `contacttype`) VALUES ('" & A64 & "','" & D64 & "','" & E64 & "','" & G64 & "','" & H64 & "','" & I64 & "','" & J64 & "','" & K64 & "','" & L64 & "');" -> INSERT INTO `directory` (`order`, `office`, `displayname`, `title`, `ext`, `personalTel`, `directTel`, `email`, `contacttype`) VALUES ('63','9','Sophia Yip','Property Administrator','---','---','(416) 290-1242','sophia@centrotowers.com','Staff');
A65: 64 | B65: CT | C65: LPI CT | D65: 9 | E65: Security Desk | G65: Centro Security Desk | H65: --- | I65: --- | J65: (416) 296-0099 | K65: --- | M65: ="INSERT INTO `directory` (`order`, `office`, `displayname`, `title`, `ext`, `personalTel`, `directTel`, `email`, `contacttype`) VALUES ('" & A65 & "','" & D65 & "','" & E65 & "','" & G65 & "','" & H65 & "','" & I65 & "','" & J65 & "','" & K65 & "','" & L65 & "');" -> INSERT INTO `directory` (`order`, `office`, `displayname`, `title`, `ext`, `personalTel`, `directTel`, `email`, `contacttype`) VALUES ('64','9','Security Desk ','Centro Security Desk ','---','---','(416) 296-0099','---','');
A66: 65 | B66: EQ1 | C66: LPI EQ1 | D66: 11 | E66: EQ1 Office | G66: 70 Town Centre Court, Scarborough, ON, M1P 0B2 | H66: -- | I66: -- | J66: T: (416) 279-0603 | K66: eq1@livingproperties.com | L66: Office Header | M66: ="INSERT INTO `directory` (`order`, `office`, `displayname`, `title`, `ext`, `personalTel`, `directTel`, `email`, `contacttype`) VALUES ('" & A66 & "','" & D66 & "','" & E66 & "','" & G66 & "','" & H66 & "','" & I66 & "','" & J66 & "','" & K66 & "','" & L66 & "');" -> INSERT INTO `directory` (`order`, `office`, `displayname`, `title`, `ext`, `personalTel`, `directTel`, `email`, `contacttype`) VALUES ('65','11','EQ1 Office','70 Town Centre Court, Scarborough, ON, M1P 0B2','--','--','T: (416) 279-0603 ','eq1@livingproperties.com','Office Header');
A67: 66 | B67: EQ1 | C67: LPI EQ1 | D67: 11 | E67: Ming Ip | G67: Property Manager | H67: --- | I67: (647) 286-0147 | J67: (416) 279-0603 | K67: eq1manager@livingproperties.com | L67: Staff | M67: ="INSERT INTO `directory` (`order`, `office`, `displayname`, `title`, `ext`, `personalTel`, `directTel`, `email`, `contacttype`) VALUES ('" & A67 & "','" & D67 & "','" & E67 & "','" & G67 & "','" & H67 & "','" & I67 & "','" & J67 & "','" & K67 & "','" & L67 & "');" -> INSERT INTO `directory` (`order`, `office`, `displayname`, `title`, `ext`, `personalTel`, `directTel`, `email`, `contacttype`) VALUES ('66','11','Ming Ip','Property Manager','---','(647) 286-0147','(416) 279-0603 ','eq1manager@livingproperties.com','Staff');
A68: 67 | B68: EQ1 | C68: LPI EQ1 | D68: 11 | E68: Security Desk | G68: EQ1 Security Desk | H68: --- | I68: --- | J68: (416) 279-1894 | K68: --- | M68: ="INSERT INTO `directory` (`order`, `office`, `displayname`, `title`, `ext`, `personalTel`, `directTel`, `email`, `contacttype`) VALUES ('" & A68 & "','" & D68 & "','" & E68 & "','" & G68 & "','" & H68 & "','" & I68 & "','" & J68 & "','" & K68 & "','" & L68 & "');" -> INSERT INTO `directory` (`order`, `office`, `displayname`, `title`, `ext`, `personalTel`, `directTel`, `email`, `contacttype`) VALUES ('67','11','Security Desk ','EQ1 Security Desk ','---','---','(416) 279-1894','---','');
A69: 68 | B69: EQ2 | C69: LPI EQ2 | D69: 12 | E69: EQ2 Office | G69: 60 Town Centre Court, Scarborough, ON, M1P 0B1 | H69: -- | I69: -- | J69: T: (416) 279-0591 | K69: -- | L69: Office Header | M69: ="INSERT INTO `directory` (`order`, `office`, `displayname`, `title`, `ext`, `personalTel`, `directTel`, `email`, `contacttype`) VALUES ('" & A69 & "','" & D69 & "','" & E69 & "','" & G69 & "','" & H69 & "','" & I69 & "','" & J69 & "','" & K69 & "','" & L69 & "');" -> INSERT INTO `directory` (`order`, `office`, `displayname`, `title`, `ext`, `personalTel`, `directTel`, `email`, `contacttype`) VALUES ('68','12','EQ2 Office','60 Town Centre Court, Scarborough, ON, M1P 0B1','--','--','T: (416) 279-0591 ','--','Office Header');
A70: 69 | B70: EQ2 | C70: LPI EQ2 | D70: 12 | E70: Aaron Ma | G70: Property Manager | H70: --- | I70: (416) 684-2236 | J70: (416) 279-0591 | K70: eq2manager@livingproperties.com | L70: Staff | M70: ="INSERT INTO `directory` (`order`, `office`, `displayname`, `title`, `ext`, `personalTel`, `directTel`, `email`, `contacttype`) VALUES ('" & A70 & "','" & D70 & "','" & E70 & "','" & G70 & "','" & H70 & "','" & I70 & "','" & J70 & "','" & K70 & "','" & L70 & "');" -> INSERT INTO `directory` (`order`, `office`, `displayname`, `title`, `ext`, `personalTel`, `directTel`, `email`, `contacttype`) VALUES ('69','12','Aaron Ma','Property Manager','---','(416) 684-2236','(416) 279-0591','eq2manager@livingproperties.com','Staff');
A71: 70 | B71: EQ2 | C71: LPI EQ2 | D71: 12 | E71: Security Desk | G71: EQ2 Security Desk | H71: --- | I71: --- | J71: (416) 279-1211 | K71: --- | M71: ="INSERT INTO `directory` (`order`, `office`, `displayname`, `title`, `ext`, `personalTel`, `directTel`, `email`, `contacttype`) VALUES ('" & A71 & "','" & D71 & "','" & E71 & "','" & G71 & "','" & H71 & "','" & I71 & "','" & J71 & "','" & K71 & "','" & L71 & "');" -> INSERT INTO `directory` (`order`, `office`, `displayname`, `title`, `ext`, `personalTel`, `directTel`, `email`, `contacttype`) VALUES ('70','12','Security Desk ','EQ2 Security Desk ','---','---','(416) 279-1211','---','');
A72: 71 | B72: AT | C72: LPI AT | D72: 13 | E72: Alton Tower Office | G72: 160 Alton Towers Cir, Toronto, ON, M1V 4X8 | H72: -- | I72: -- | J72: T: (437)-533-1208 | K72: -- | L72: Office Header | M72: ="INSERT INTO `directory` (`order`, `office`, `displayname`, `title`, `ext`, `personalTel`, `directTel`, `email`, `contacttype`) VALUES ('" & A72 & "','" & D72 & "','" & E72 & "','" & G72 & "','" & H72 & "','" & I72 & "','" & J72 & "','" & K72 & "','" & L72 & "');" -> INSERT INTO `directory` (`order`, `office`, `displayname`, `title`, `ext`, `personalTel`, `directTel`, `email`, `contacttype`) VALUES ('71','13','Alton Tower Office','160 Alton Towers Cir, Toronto, ON, M1V 4X8','--','--','T: (437)-533-1208','--','Office Header');
A73: 72 | B73: AT | C73: LPI AT | D73: 13 | E73: Ken Kam | G73: Property Manager | H73: --- | I73: (647) 204-4455 | J73: (905) 477-2090 | K73: kenk@livingproperties.com | L73: Staff | M73: ="INSERT INTO `directory` (`order`, `office`, `displayname`, `title`, `ext`, `personalTel`, `directTel`, `email`, `contacttype`) VALUES ('" & A73 & "','" & D73 & "','" & E73 & "','" & G73 & "','" & H73 & "','" & I73 & "','" & J73 & "','" & K73 & "','" & L73 & "');" -> INSERT INTO `directory` (`order`, `office`, `displayname`, `title`, `ext`, `personalTel`, `directTel`, `email`, `contacttype`) VALUES ('72','13','Ken Kam','Property Manager','---','(647) 204-4455','(905) 477-2090','kenk@livingproperties.com','Staff');
A74: 73 | B74: AT | C74: LPI AT | D74: 13 | E74: Christie Ip | G74: Administrative Assistant | H74: --- | I74: (437)-533-1208 | J74: --- | K74: optima2@livingproperties.com | L74: Staff | M74: ="INSERT INTO `directory` (`order`, `office`, `displayname`, `title`, `ext`, `personalTel`, `directTel`, `email`, `contacttype`) VALUES ('" & A74 & "','" & D74 & "','" & E74 & "','" & G74 & "','" & H74 & "','" & I74 & "','" & J74 & "','" & K74 & "','" & L74 & "');" -> INSERT INTO `directory` (`order`, `office`, `displayname`, `title`, `ext`, `personalTel`, `directTel`, `email`, `contacttype`) VALUES ('73','13','Christie Ip','Administrative Assistant','---','(437)-533-1208','---','optima2@livingproperties.com ','Staff');
A75: 74 | B75: AT | C75: LPI AT | D75: 13 | E75: Security Desk | G75: Alton Tower Security Desk | H75: --- | I75: --- | J75: (416) 754-3131 | K75: --- | L75: Staff | M75: ="INSERT INTO `directory` (`order`, `office`, `displayname`, `title`, `ext`, `personalTel`, `directTel`, `email`, `contacttype`) VALUES ('" & A75 & "','" & D75 & "','" & E75 & "','" & G75 & "','" & H75 & "','" & I75 & "','" & J75 & "','" & K75 & "','" & L75 & "');" -> INSERT INTO `directory` (`order`, `office`, `displayname`, `title`, `ext`, `personalTel`, `directTel`, `email`, `contacttype`) VALUES ('74','13','Security Desk ','Alton Tower Security Desk ','---','---','(416) 754-3131','---','Staff');
A76: 75 | B76: IHMG | C76: IHMG | D76: 14 | E76: IHMG Office | G76: 8 Steelcase Road West, Markham, ON, L3R 1B2 | H76: -- | I76: -- | J76: T: (905) 475-6000 | K76: info@ihmg.ca | L76: Office Header | M76: ="INSERT INTO `directory` (`order`, `office`, `displayname`, `title`, `ext`, `personalTel`, `directTel`, `email`, `contacttype`) VALUES ('" & A76 & "','" & D76 & "','" & E76 & "','" & G76 & "','" & H76 & "','" & I76 & "','" & J76 & "','" & K76 & "','" & L76 & "');" -> INSERT INTO `directory` (`order`, `office`, `displayname`, `title`, `ext`, `personalTel`, `directTel`, `email`, `contacttype`) VALUES ('75','14','IHMG Office','8 Steelcase Road West, Markham, ON, L3R 1B2','--','--','T: (905) 475-6000','info@ihmg.ca','Office Header');
A77: 76 | B77: IHMG | C77: IHMG | D77: 14 | E77: IHMGRI Office | G77: 8 Steelcase Road West, Unit E, Markham, ON, L3R 1B2 | H77: -- | I77: -- | J77: T: (905) 489-8989 | K77: realestate@ihmg.ca | L77: Office Header | M77: ="INSERT INTO `directory` (`order`, `office`, `displayname`, `title`, `ext`, `personalTel`, `directTel`, `email`, `contacttype`) VALUES ('" & A77 & "','" & D77 & "','" & E77 & "','" & G77 & "','" & H77 & "','" & I77 & "','" & J77 & "','" & K77 & "','" & L77 & "');" -> INSERT INTO `directory` (`order`, `office`, `displayname`, `title`, `ext`, `personalTel`, `directTel`, `email`, `contacttype`) VALUES ('76','14','IHMGRI Office','8 Steelcase Road West, Unit E, Markham, ON, L3R 1B2','--','--','T: (905) 489-8989','realestate@ihmg.ca','Office Header');
A78: 77 | B78: IHMG | C78: IHMG | D78: 14 | E78: Eddie Tang | G78: Financial Controller | H78: 120 | I78: (416) 723-8329 | J78: (905) 489-0186 | K78: eddie@ihmg.ca | L78: Staff | M78: ="INSERT INTO `directory` (`order`, `office`, `displayname`, `title`, `ext`, `personalTel`, `directTel`, `email`, `contacttype`) VALUES ('" & A78 & "','" & D78 & "','" & E78 & "','" & G78 & "','" & H78 & "','" & I78 & "','" & J78 & "','" & K78 & "','" & L78 & "');" -> INSERT INTO `directory` (`order`, `office`, `displayname`, `title`, `ext`, `personalTel`, `directTel`, `email`, `contacttype`) VALUES ('77','14','Eddie Tang','Financial Controller','120','(416) 723-8329','(905) 489-0186','eddie@ihmg.ca','Staff');
A79: 78 | B79: IHMG | C79: IHMG | D79: 14 | E79: Lily Hou | G79: Senior Accounting Analyst & Operations Support | H79: 187 | I79: (647) 774-8994 | J79: --- | K79: lily@ihmg.ca | L79: Staff | M79: ="INSERT INTO `directory` (`order`, `office`, `displayname`, `title`, `ext`, `personalTel`, `directTel`, `email`, `contacttype`) VALUES ('" & A79 & "','" & D79 & "','" & E79 & "','" & G79 & "','" & H79 & "','" & I79 & "','" & J79 & "','" & K79 & "','" & L79 & "');" -> INSERT INTO `directory` (`order`, `office`, `displayname`, `title`, `ext`, `personalTel`, `directTel`, `email`, `contacttype`) VALUES ('78','14','Lily Hou','Senior Accounting Analyst & Operations Support','187','(647) 774-8994','---','lily@ihmg.ca','Staff');
A80: 79 | B80: RHO | C80: LRI HO | D80: 1 | E80: Lunch Room | G80: Meeting Room | H80: 541 | I80: --- | J80: --- | K80: - | L80: Meeting Room | M80: ="INSERT INTO `directory` (`order`, `office`, `displayname`, `title`, `ext`, `personalTel`, `directTel`, `email`, `contacttype`) VALUES ('" & A80 & "','" & D80 & "','" & E80 & "','" & G80 & "','" & H80 & "','" & I80 & "','" & J80 & "','" & K80 & "','" & L80 & "');" -> INSERT INTO `directory` (`order`, `office`, `displayname`, `title`, `ext`, `personalTel`, `directTel`, `email`, `contacttype`) VALUES ('79','1','Lunch Room','Meeting Room','541','---','---','-','Meeting Room');
A81: 80 | B81: RHO | C81: LRI HO | D81: 1 | E81: Markham Room | G81: Meeting Room | H81: 250 | I81: --- | J81: --- | K81: - | L81: Meeting Room | M81: ="INSERT INTO `directory` (`order`, `office`, `displayname`, `title`, `ext`, `personalTel`, `directTel`, `email`, `contacttype`) VALUES ('" & A81 & "','" & D81 & "','" & E81 & "','" & G81 & "','" & H81 & "','" & I81 & "','" & J81 & "','" & K81 & "','" & L81 & "');" -> INSERT INTO `directory` (`order`, `office`, `displayname`, `title`, `ext`, `personalTel`, `directTel`, `email`, `contacttype`) VALUES ('80','1','Markham Room','Meeting Room','250','---','---','-','Meeting Room');
A82: 81 | B82: RHO | C82: LRI HO | D82: 1 | E82: Mississauga Room | G82: Meeting Room | H82: 226 | I82: --- | J82: --- | K82: - | L82: Meeting Room | M82: ="INSERT INTO `directory` (`order`, `office`, `displayname`, `title`, `ext`, `personalTel`, `directTel`, `email`, `contacttype`) VALUES ('" & A82 & "','" & D82 & "','" & E82 & "','" & G82 & "','" & H82 & "','" & I82 & "','" & J82 & "','" & K82 & "','" & L82 & "');" -> INSERT INTO `directory` (`order`, `office`, `displayname`, `title`, `ext`, `personalTel`, `directTel`, `email`, `contacttype`) VALUES ('81','1','Mississauga Room','Meeting Room','226','---','---','-','Meeting Room');
A83: 82 | B83: RHO | C83: LRI HO | D83: 1 | E83: The Living Room | G83: Meeting Room | H83: 288 | I83: --- | J83: --- | K83: - | L83: Meeting Room | M83: ="INSERT INTO `directory` (`order`, `office`, `displayname`, `title`, `ext`, `personalTel`, `directTel`, `email`, `contacttype`) VALUES ('" & A83 & "','" & D83 & "','" & E83 & "','" & G83 & "','" & H83 & "','" & I83 & "','" & J83 & "','" & K83 & "','" & L83 & "');" -> INSERT INTO `directory` (`order`, `office`, `displayname`, `title`, `ext`, `personalTel`, `directTel`, `email`, `contacttype`) VALUES ('82','1','The Living Room','Meeting Room','288','---','---','-','Meeting Room');
A84: 83 | B84: RHO | C84: LRI HO | D84: 1 | E84: Toronto Room | G84: Meeting Room | H84: 208 | I84: --- | J84: --- | K84: - | L84: Meeting Room | M84: ="INSERT INTO `directory` (`order`, `office`, `displayname`, `title`, `ext`, `personalTel`, `directTel`, `email`, `contacttype`) VALUES ('" & A84 & "','" & D84 & "','" & E84 & "','" & G84 & "','" & H84 & "','" & I84 & "','" & J84 & "','" & K84 & "','" & L84 & "');" -> INSERT INTO `directory` (`order`, `office`, `displayname`, `title`, `ext`, `personalTel`, `directTel`, `email`, `contacttype`) VALUES ('83','1','Toronto Room','Meeting Room','208','---','---','-','Meeting Room');
A85: 84 | B85: RHO | C85: LRI HO | D85: 1 | E85: York Room | G85: Meeting Room | H85: 524 | I85: --- | J85: --- | K85: - | L85: Meeting Room | M85: ="INSERT INTO `directory` (`order`, `office`, `displayname`, `title`, `ext`, `personalTel`, `directTel`, `email`, `contacttype`) VALUES ('" & A85 & "','" & D85 & "','" & E85 & "','" & G85 & "','" & H85 & "','" & I85 & "','" & J85 & "','" & K85 & "','" & L85 & "');" -> INSERT INTO `directory` (`order`, `office`, `displayname`, `title`, `ext`, `personalTel`, `directTel`, `email`, `contacttype`) VALUES ('84','1','York Room','Meeting Room','524','---','---','-','Meeting Room');

Sheet Sorting
B1: Location Code
B2: HO
B3: NM
B4: NY
B5: MS
B6: WB
B7: YB
B8: IC
B9: HOLPI
B10: CT
B11: Eglinton
B12: EQ1
... B14: IHMG
